H152	H101	27327	ORF6	T	G	aat	aag	N	K	0	224		0.4386
H31	H125	24077	S	T	G	tat	gat	Y	D	0	31		0.9107
H30	H146	29700	3-UTR	G	A	NA	NA	NA	NA	NA	78		0.7857
H157	H169	13006	orf1ab	T	C	gct	gcc	A	A	1	165		0.486
H107	H21	1059	orf1ab	T	C	atc	acc	I	T	0	91		0.7292
H45	H95	6255	orf1ab	C	T	gca	gta	A	V	0	63		0.822
H43	H33	5784	orf1ab	T	C	att	act	I	T	0	47		0.8593
H93	H97	658	orf1ab	T	C	gct	gcc	A	A	1	300		0.3421
H93	H97	28629	N	C	T	gct	gtt	A	V	0	300		0.3421
H13	H64	11704	orf1ab	C	T	tac	tat	Y	Y	1	16		0.9581
H13	H64	13929	orf1ab	T	C	tat	tac	Y	Y	1	16		0.9581
H13	H64	22661	S	T	G	ttc	gtc	F	V	0	16		0.9581
H2	H138	2416	orf1ab	C	T	tac	tat	Y	Y	1	56		0.8323
H2	H138	3037	orf1ab	C	T	ttc	ttt	F	F	1	56		0.8323
H2	H138	3171	orf1ab	T	C	ctt	cct	L	P	0	56		0.8323
H2	H138	17373	orf1ab	C	T	gcc	gct	A	A	1	56		0.8323
H2	H138	17747	orf1ab	T	C	ctt	cct	L	P	0	56		0.8323
H2	H138	17858	orf1ab	G	A	tgt	tat	C	Y	0	56		0.8323
H2	H138	23929	S	C	T	tac	tat	Y	Y	1	56		0.8323
H2	H138	24034	S	C	T	aac	aat	N	N	1	56		0.8323
H2	H138	26936	M	C	T	ctc	ctt	L	L	1	56		0.8323
H2	H138	29095	N	C	T	ttc	ttt	F	F	1	56		0.8323
H48	H127	1059	orf1ab	T	C	atc	acc	I	T	0	57		0.8273
H48	H127	25563	ORF3a	T	G	cat	cag	H	Q	0	57		0.8273
H57	H167	29734	3-UTR	C	G	NA	NA	NA	NA	NA	98		0.73
H3	H12	8782	orf1ab	C	T	agc	agt	S	S	1	123		0.635
H31	H93	24862	S	A	G	aca	acg	T	T	1	38		0.8809
H34	H184	241	5-UTR	T	C	NA	NA	NA	NA	NA	32		0.905
H34	H184	3037	orf1ab	T	C	ttt	ttc	F	F	1	32		0.905
H34	H184	14408	orf1ab	T	C	ctt	cct	L	P	0	32		0.905
H34	H184	28144	ORF8	T	C	tta	tca	L	S	0	32		0.905
H31	H65	25350	S	C	T	cca	cta	P	L	0	38		0.8981
H123	H88	27046	M	T	C	atg	acg	M	T	0	72		0.75
H43	H119	22988	S	A	G	agt	ggt	S	G	0	38		0.8725
H42	H153	2113	orf1ab	T	C	att	atc	I	I	1	321		0.2945
H42	H153	18928	orf1ab	T	C	tct	cct	S	P	0	321		0.2945
H38	H142	19518	orf1ab	T	G	ttt	ttg	F	L	0	219		0.4222
H2	H11	2416	orf1ab	C	T	tac	tat	Y	Y	1	26		0.9268
H2	H11	3037	orf1ab	C	T	ttc	ttt	F	F	1	26		0.9268
H2	H11	3171	orf1ab	T	C	ctt	cct	L	P	0	26		0.9268
H2	H11	8782	orf1ab	C	T	agc	agt	S	S	1	26		0.9268
H2	H11	11704	orf1ab	C	T	tac	tat	Y	Y	1	26		0.9268
H2	H11	18060	orf1ab	C	T	ctc	ctt	L	L	1	26		0.9268
H2	H11	23929	S	C	T	tac	tat	Y	Y	1	26		0.9268
H2	H11	24034	S	C	T	aac	aat	N	N	1	26		0.9268
H2	H11	26936	M	C	T	ctc	ctt	L	L	1	26		0.9268
H2	H11	28144	ORF8	T	C	tta	tca	L	S	0	26		0.9268
H2	H11	29095	N	C	T	ttc	ttt	F	F	1	26		0.9268
H14	H129	24034	S	T	C	aat	aac	N	N	1	46		0.8883
H14	H129	29700	3-UTR	G	A	NA	NA	NA	NA	NA	46		0.8883
H15	H178	20268	orf1ab	A	G	tta	ttg	L	L	1	77		0.745
H2	H3	2416	orf1ab	T	C	tat	tac	Y	Y	1	93		0.6235
H2	H3	3037	orf1ab	T	C	ttt	ttc	F	F	1	93		0.6235
H2	H3	3171	orf1ab	C	T	cct	ctt	P	L	0	93		0.6235
H2	H3	11704	orf1ab	T	C	tat	tac	Y	Y	1	93		0.6235
H2	H3	17373	orf1ab	T	C	gct	gcc	A	A	1	93		0.6235
H2	H3	18060	orf1ab	T	C	ctt	ctc	L	L	1	93		0.6235
H2	H3	23929	S	T	C	tat	tac	Y	Y	1	93		0.6235
H2	H3	24034	S	T	C	aat	aac	N	N	1	93		0.6235
H2	H3	26936	M	T	C	ctt	ctc	L	L	1	93		0.6235
H30	H37	3373	orf1ab	C	A	gac	gaa	D	E	0	74		0.795
H34	H15	241	5-UTR	T	C	NA	NA	NA	NA	NA	22		0.9147
H34	H15	3037	orf1ab	T	C	ttt	ttc	F	F	1	22		0.9147
H34	H15	8782	orf1ab	C	T	agc	agt	S	S	1	22		0.9147
H34	H15	28144	ORF8	T	C	tta	tca	L	S	0	22		0.9147
H45	H157	25688	ORF3a	T	C	gtt	gct	V	A	0	59		0.7839
H21	H116	19518	orf1ab	T	G	ttt	ttg	F	L	0	108		0.6975
H19	H118	6312	orf1ab	A	C	aaa	aca	K	T	0	123		0.751
H19	H118	13730	orf1ab	T	C	gtt	gct	V	A	0	123		0.751
H19	H118	23929	S	T	C	tat	tac	Y	Y	1	123		0.751
H19	H118	28311	N	T	C	ctc	ccc	L	P	0	123		0.751
H7	H26	22661	S	T	G	ttc	gtc	F	V	0	264		0.3416
H106	H47	11083	orf1ab	T	G	ttt	ttg	F	L	0	54		0.8182
H82	H170	21575	S	T	C	ttt	ctt	F	L	0	140		0.6089
H123	H121	13402	orf1ab	G	T	tag	tat	*	Y	0	106		0.7135
H43	H149	28881	N	A	G	aag	agg	K	R	0	48		0.8576
H111	H106	27046	M	T	C	atg	acg	M	T	0	63		0.7879
H1	H109	20270	orf1ab	C	T	gct	gtt	A	V	0	45		0.8611
H48	H158	15324	orf1ab	T	C	aat	aac	N	N	1	108		0.655
H82	H181	18656	orf1ab	T	C	atc	acc	I	T	0	137		0.6236
H91	H155	3037	orf1ab	C	T	ttc	ttt	F	F	1	95		0.777
H91	H155	23403	S	A	G	gat	ggt	D	G	0	95		0.777
H14	H34	23403	S	A	G	gat	ggt	D	G	0	72		0.8
H43	H102	27384	ORF6	C	T	gac	gat	D	D	1	58		0.8027
H83	H98	207	5-UTR	T	C	NA	NA	NA	NA	NA	73		0.854
H83	H98	884	orf1ab	T	C	tgt	cgt	C	R	0	73		0.854
H83	H98	2455	orf1ab	T	C	ctt	ctc	L	L	1	73		0.854
H83	H98	2558	orf1ab	T	C	tca	cca	S	P	0	73		0.854
H83	H98	9223	orf1ab	T	C	cat	cac	H	H	1	73		0.854
H83	H98	10323	orf1ab	G	A	agg	aag	R	K	0	73		0.854
H83	H98	11083	orf1ab	G	T	ttg	ttt	L	F	0	73		0.854
H83	H98	11704	orf1ab	T	C	tat	tac	Y	Y	1	73		0.854
H83	H98	16054	orf1ab	T	C	tat	cat	Y	H	0	73		0.854
H83	H98	17747	orf1ab	T	C	ctt	cct	L	P	0	73		0.854
H83	H98	19518	orf1ab	T	G	ttt	ttg	F	L	0	73		0.854
H83	H98	23929	S	T	C	tat	tac	Y	Y	1	73		0.854
H83	H98	25563	ORF3a	T	G	cat	cag	H	Q	0	73		0.854
H83	H98	25688	ORF3a	T	C	gtt	gct	V	A	0	73		0.854
H83	H98	25979	ORF3a	T	G	gta	gga	V	G	0	73		0.854
H83	H98	26530	M	G	A	ggt	gat	G	D	0	73		0.854
H83	H98	26936	M	T	C	ctt	ctc	L	L	1	73		0.854
H83	H98	27147	M	C	G	cac	gac	H	D	0	73		0.854
H83	H98	28372	N	G	T	agg	agt	R	S	0	73		0.854
H83	H98	28863	N	T	C	tta	tca	L	S	0	73		0.854
H83	H98	29303	N	T	C	tca	cca	S	P	0	73		0.854
H105	H115	1440	orf1ab	A	G	gac	ggc	D	G	0	118		0.6919
H105	H115	2891	orf1ab	A	G	aca	gca	T	A	0	118		0.6919
H35	H148	21575	S	T	C	ttt	ctt	F	L	0	98		0.7159
H147	H28	2480	orf1ab	A	G	att	gtt	I	V	0	235		0.4051
H14	H17	28878	N	G	A	agt	aat	S	N	0	79		0.7199
H45	H78	29553	igs:N|ORF10	G	A	NA	NA	NA	NA	NA	56		0.8405
H43	H117	24694	S	T	A	ggt	gga	G	G	1	44		0.8412
H31	H44	187	5-UTR	A	G	NA	NA	NA	NA	NA	35		0.8718
H119	H150	21575	S	C	T	ctt	ttt	L	F	0	210		0.4134
H5	H100	17858	orf1ab	G	A	tgt	tat	C	Y	0	102		0.7094
H5	H100	29736	3-UTR	T	G	NA	NA	NA	NA	NA	102		0.7094
H44	H112	13402	orf1ab	G	T	tag	tat	*	Y	0	102		0.6566
H57	H159	10323	orf1ab	G	A	agg	aag	R	K	0	105		0.7115
H47	H70	22277	S	C	A	caa	aaa	Q	K	0	83		0.7622
H175	H164	24054	S	T	C	gtt	gct	V	A	0	223		0.4208
H156	H41	241	5-UTR	T	C	NA	NA	NA	NA	NA	79		0.8275
H156	H41	8653	orf1ab	G	T	atg	att	M	I	0	79		0.8275
H156	H41	28688	N	T	C	ttg	ctg	L	L	1	79		0.8275
H2	H5	2416	orf1ab	T	C	tat	tac	Y	Y	1	73		0.742
H2	H5	3037	orf1ab	T	C	ttt	ttc	F	F	1	73		0.742
H2	H5	3171	orf1ab	C	T	cct	ctt	P	L	0	73		0.742
H2	H5	11704	orf1ab	T	C	tat	tac	Y	Y	1	73		0.742
H2	H5	17373	orf1ab	T	C	gct	gcc	A	A	1	73		0.742
H2	H5	23929	S	T	C	tat	tac	Y	Y	1	73		0.742
H2	H5	24034	S	T	C	aat	aac	N	N	1	73		0.742
H2	H5	26936	M	T	C	ctt	ctc	L	L	1	73		0.742
H2	H5	29095	N	T	C	ttt	ttc	F	F	1	73		0.742
H19	H108	1059	orf1ab	T	C	atc	acc	I	T	0	69		0.7788
H45	H137	27964	ORF8	T	C	tta	tca	L	S	0	63		0.8169
H20	H29	6255	orf1ab	C	T	gca	gta	A	V	0	157		0.5651
H16	H36	8782	orf1ab	T	C	agt	agc	S	S	1	26		0.9385
H16	H36	26144	ORF3a	G	T	ggt	gtt	G	V	0	26		0.9385
H1	H23	24034	S	C	T	aac	aat	N	N	1	37		0.8664
H45	H126	18928	orf1ab	T	C	tct	cct	S	P	0	58		0.8274
H35	H161	5142	orf1ab	T	C	att	act	I	T	0	113		0.6929
H31	H56	26530	M	A	G	gat	ggt	D	G	0	28		0.8967
H158	H82	11083	orf1ab	T	G	ttt	ttg	F	L	0	64		0.7955
H46	H67	6255	orf1ab	C	T	gca	gta	A	V	0	125		0.6019
H110	H143	1515	orf1ab	A	G	cat	cgt	H	R	0	13		0.9589
H110	H143	9223	orf1ab	C	T	cac	cat	H	H	1	13		0.9589
H57	H171	3037	orf1ab	C	T	ttc	ttt	F	F	1	79		0.7743
H6	H27	13929	orf1ab	C	T	tac	tat	Y	Y	1	121		0.6007
H47	H94	6255	orf1ab	C	T	gca	gta	A	V	0	87		0.7616
H1	H74	3145	orf1ab	G	T	ttg	ttt	L	F	0	35		0.9006
H179	H75	25979	ORF3a	G	T	gga	gta	G	V	0	391		0.1555
H179	H75	28657	N	C	T	gac	gat	D	D	1	391		0.1555
H76	H66	6255	orf1ab	T	C	gta	gca	V	A	0	126		0.6123
H1	H46	514	orf1ab	T	C	cat	cac	H	H	1	27		0.8811
H35	H166	1321	orf1ab	C	A	gac	gaa	D	E	0	104		0.7197
H45	H182	29700	3-UTR	G	A	NA	NA	NA	NA	NA	51		0.8555
H24	H40	14805	orf1ab	C	T	tac	tat	Y	Y	1	95		0.5128
H36	H6	4402	orf1ab	C	T	ctc	ctt	L	L	1	68		0.8479
H36	H6	5062	orf1ab	T	G	ttt	ttg	F	L	0	68		0.8479
H36	H6	28144	ORF8	C	T	tca	tta	S	L	0	68		0.8479
H127	H45	11083	orf1ab	T	G	ttt	ttg	F	L	0	52		0.8424
H2	H84	2416	orf1ab	T	C	tat	tac	Y	Y	1	113		0.6753
H2	H84	3037	orf1ab	T	C	ttt	ttc	F	F	1	113		0.6753
H2	H84	11704	orf1ab	T	C	tat	tac	Y	Y	1	113		0.6753
H2	H84	17373	orf1ab	T	C	gct	gcc	A	A	1	113		0.6753
H2	H84	18060	orf1ab	T	C	ctt	ctc	L	L	1	113		0.6753
H2	H84	23929	S	T	C	tat	tac	Y	Y	1	113		0.6753
H2	H84	24034	S	T	C	aat	aac	N	N	1	113		0.6753
H2	H84	26936	M	T	C	ctt	ctc	L	L	1	113		0.6753
H2	H84	29095	N	T	C	ttt	ttc	F	F	1	113		0.6753
H40	H147	2558	orf1ab	T	C	tca	cca	S	P	0	120		0.6091
H14	H55	207	5-UTR	C	T	NA	NA	NA	NA	NA	79		0.7768
H1	H9	15324	orf1ab	C	T	aac	aat	N	N	1	40		0.9085
H1	H9	29303	N	C	T	cca	tca	P	S	0	40		0.9085
H47	H123	24389	S	C	A	cgt	agt	R	S	0	51		0.8229
H47	H123	24390	S	C	G	act	agt	T	S	0	51		0.8229
H31	H73	3145	orf1ab	G	T	ttg	ttt	L	F	0	37		0.8928
H21	H42	29374	N	G	A	gag	gaa	E	E	1	119		0.66
H168	H165	17531	orf1ab	C	T	aca	ata	T	I	0	293		0.3672
H168	H165	18756	orf1ab	T	G	cct	ccg	P	P	1	293		0.3672
H43	H54	23010	S	T	C	gtt	gct	V	A	0	48		0.8528
H43	H79	26530	M	A	G	gat	ggt	D	G	0	54		0.8444
H35	H103	1515	orf1ab	G	A	cgt	cat	R	H	0	79		0.7435
H43	H139	18877	orf1ab	T	C	tta	cta	L	L	1	50		0.8457
H81	H31	25563	ORF3a	G	T	cag	cat	Q	H	0	18		0.8831
H133	H20	28144	ORF8	T	C	tta	tca	L	S	0	69		0.7315
H43	H77	832	orf1ab	C	T	aac	aat	N	N	1	42		0.8761
H47	H174	29095	N	T	C	ttt	ttc	F	F	1	79		0.771
H1	H18	27147	M	G	C	gac	cac	D	H	0	45		0.8628
H48	H111	28881	N	A	G	aag	agg	K	R	0	39		0.8664
H48	H111	28882	N	A	G	aga	agg	R	R	1	39		0.8664
H48	H111	28883	N	C	G	cga	gga	R	G	0	39		0.8664
H45	H162	186	5-UTR	T	C	NA	NA	NA	NA	NA	67		0.8086
H31	H58	514	orf1ab	T	C	cat	cac	H	H	1	33		0.9015
H121	H86	27046	M	T	C	atg	acg	M	T	0	42		0.8865
H121	H86	28881	N	A	G	aag	agg	K	R	0	42		0.8865
H121	H86	28882	N	A	G	aga	agg	R	R	1	42		0.8865
H121	H86	28883	N	C	G	cga	gga	R	G	0	42		0.8865
H35	H110	11083	orf1ab	G	T	ttg	ttt	L	F	0	58		0.8165
H21	H156	241	5-UTR	T	C	NA	NA	NA	NA	NA	44		0.9039
H21	H156	884	orf1ab	T	C	tgt	cgt	C	R	0	44		0.9039
H21	H156	28688	N	T	C	ttg	ctg	L	L	1	44		0.9039
H1	H50	29736	3-UTR	G	T	NA	NA	NA	NA	NA	28		0.8607
H31	H124	28688	N	C	T	ctg	ttg	L	L	1	31		0.904
H15	H60	241	5-UTR	T	C	NA	NA	NA	NA	NA	49		0.8101
H15	H60	11083	orf1ab	G	T	ttg	ttt	L	F	0	49		0.8101
H15	H60	23403	S	G	A	ggt	gat	G	D	0	49		0.8101
H19	H62	29736	3-UTR	G	T	NA	NA	NA	NA	NA	26		0.9164
H19	H62	29751	3-UTR	G	C	NA	NA	NA	NA	NA	26		0.9164
H18	H83	207	5-UTR	C	T	NA	NA	NA	NA	NA	79		0.842
H18	H83	884	orf1ab	C	T	cgt	tgt	R	C	0	79		0.842
H18	H83	2455	orf1ab	C	T	ctc	ctt	L	L	1	79		0.842
H18	H83	2558	orf1ab	C	T	cca	tca	P	S	0	79		0.842
H18	H83	9223	orf1ab	C	T	cac	cat	H	H	1	79		0.842
H18	H83	10323	orf1ab	A	G	aag	agg	K	R	0	79		0.842
H18	H83	11704	orf1ab	C	T	tac	tat	Y	Y	1	79		0.842
H18	H83	16054	orf1ab	C	T	cat	tat	H	Y	0	79		0.842
H18	H83	17747	orf1ab	C	T	cct	ctt	P	L	0	79		0.842
H18	H83	18060	orf1ab	C	T	ctc	ctt	L	L	1	79		0.842
H18	H83	19518	orf1ab	G	T	ttg	ttt	L	F	0	79		0.842
H18	H83	23929	S	C	T	tac	tat	Y	Y	1	79		0.842
H18	H83	25563	ORF3a	G	T	cag	cat	Q	H	0	79		0.842
H18	H83	25688	ORF3a	C	T	gct	gtt	A	V	0	79		0.842
H18	H83	25979	ORF3a	G	T	gga	gta	G	V	0	79		0.842
H18	H83	26326	E	C	T	cta	tta	L	L	1	79		0.842
H18	H83	26530	M	A	G	gat	ggt	D	G	0	79		0.842
H18	H83	26936	M	C	T	ctc	ctt	L	L	1	79		0.842
H18	H83	28372	N	T	G	agt	agg	S	R	0	79		0.842
H18	H83	28863	N	C	T	tca	tta	S	L	0	79		0.842
H18	H83	29303	N	C	T	cca	tca	P	S	0	79		0.842
H47	H59	28344	N	C	A	act	aat	T	N	0	75		0.7956
H23	H22	28854	N	T	C	tta	tca	L	S	0	111		0.6498
H43	H120	15927	orf1ab	G	T	ctg	ctt	L	L	1	66		0.85
H43	H120	26936	M	T	C	ctt	ctc	L	L	1	66		0.85
H57	H173	28854	N	T	C	tta	tca	L	S	0	92		0.7416
H43	H145	14805	orf1ab	T	C	tat	tac	Y	Y	1	45		0.8649
H45	H81	1059	orf1ab	T	C	atc	acc	I	T	0	20		0.8
H129	H128	26729	M	C	T	gcc	gct	A	A	1	195		0.4758
H129	H128	28077	ORF8	C	G	ctg	gtg	L	V	0	195		0.4758
H57	H180	29700	3-UTR	G	A	NA	NA	NA	NA	NA	80		0.7778
H108	H107	1397	orf1ab	A	G	ata	gta	I	V	0	72		0.7857
H108	H107	28688	N	C	T	ctg	ttg	L	L	1	72		0.7857
H62	H61	11083	orf1ab	G	T	ttg	ttt	L	F	0	48		0.8481
H5	H43	17747	orf1ab	T	C	ctt	cct	L	P	0	19		0.7286
H5	H43	17858	orf1ab	G	A	tgt	tat	C	Y	0	19		0.7286
H40	H35	17247	orf1ab	C	T	cgc	cgt	R	R	1	47		0.6594
H128	H7	29700	3-UTR	G	A	NA	NA	NA	NA	NA	117		0.6855
H29	H8	6255	orf1ab	T	C	gta	gca	V	A	0	36		0.9003
H29	H8	29095	N	C	T	ttc	ttt	F	F	1	36		0.9003
H43	H140	29700	3-UTR	G	A	NA	NA	NA	NA	NA	56		0.8377
H43	H151	11083	orf1ab	T	G	ttt	ttg	F	L	0	17		0.9485
H43	H151	27384	ORF6	C	T	gac	gat	D	D	1	17		0.9485
H40	H96	14408	orf1ab	C	T	cct	ctt	P	L	0	43		0.8812
H40	H96	17247	orf1ab	T	C	cgt	cgc	R	R	1	43		0.8812
H31	H53	29144	N	C	T	cta	tta	L	L	1	32		0.9006
H47	H175	25958	ORF3a	G	A	tgt	tat	C	Y	0	62		0.7817
H45	H91	25563	ORF3a	T	G	cat	cag	H	Q	0	27		0.73
H103	H135	9223	orf1ab	C	T	cac	cat	H	H	1	190		0.4154
H1	H4	21707	S	C	T	cat	tat	H	Y	0	29		0.9116
H21	H113	10323	orf1ab	G	A	agg	aag	R	K	0	134		0.6446
H19	H131	29736	3-UTR	T	G	NA	NA	NA	NA	NA	39		0.8415
H113	H72	3145	orf1ab	G	T	ttg	ttt	L	F	0	35		0.9072
H113	H72	10323	orf1ab	G	A	agg	aag	R	K	0	35		0.9072
H60	H48	241	5-UTR	T	C	NA	NA	NA	NA	NA	33		0.8773
H60	H48	14408	orf1ab	T	C	ctt	cct	L	P	0	33		0.8773
H60	H48	23403	S	G	A	ggt	gat	G	D	0	33		0.8773
H99	H19	26326	E	C	T	cta	tta	L	L	1	39		0.8395
H1	H133	8782	orf1ab	C	T	agc	agt	S	S	1	5		0.9057
H1	H133	11083	orf1ab	G	T	ttg	ttt	L	F	0	5		0.9057
H84	H14	3171	orf1ab	T	C	ctt	cct	L	P	0	29		0.7411
H40	H183	27384	ORF6	C	T	gac	gat	D	D	1	136		0.6284
H99	H52	11083	orf1ab	G	T	ttg	ttt	L	F	0	33		0.88
H14	H114	9477	orf1ab	A	T	tat	ttt	Y	F	0	64		0.814
H121	H122	24389	S	C	A	cgt	agt	R	S	0	90		0.7568
H121	H122	24390	S	C	G	act	agt	T	S	0	90		0.7568
H12	H1	28144	ORF8	T	C	tta	tca	L	S	0	7		0.8679
H12	H1	29095	N	C	T	ttc	ttt	F	F	1	7		0.8679
H30	H38	313	orf1ab	C	T	ctc	ctt	L	L	1	80		0.7183
H92	H71	6255	orf1ab	T	C	gta	gca	V	A	0	225		0.4216
H86	H87	24389	S	C	A	cgt	agt	R	S	0	226		0.4068
H169	H172	23929	S	C	T	tac	tat	Y	Y	1	248		0.3831
H45	H104	18656	orf1ab	T	C	atc	acc	I	T	0	65		0.8116
H70	H68	3145	orf1ab	T	G	ttt	ttg	F	L	0	23		0.9322
H70	H68	22277	S	C	A	caa	aaa	Q	K	0	23		0.9322
H178	H57	14408	orf1ab	C	T	cct	ctt	P	L	0	59		0.8046
H6	H13	22661	S	T	G	ttc	gtc	F	V	0	137		0.6414
H81	H49	18877	orf1ab	T	C	tta	cta	L	L	1	107		0.6397
H47	H30	27046	M	C	T	acg	atg	T	M	0	28		0.7431
H114	H179	14805	orf1ab	C	T	tac	tat	Y	Y	1	255		0.3885
H114	H179	28863	N	C	T	tca	tta	S	L	0	255		0.3885
H68	H69	19839	orf1ab	T	C	aat	aac	N	N	1	24		0.9292
H68	H69	27046	M	T	C	atg	acg	M	T	0	24		0.9292
H17	H92	16381	orf1ab	G	A	gtt	att	V	I	0	201		0.4036
H43	H152	6310	orf1ab	T	C	agt	agc	S	S	1	42		0.8521
H49	H141	2113	orf1ab	T	C	att	atc	I	I	1	224		0.4151
H130	H134	9223	orf1ab	C	T	cac	cat	H	H	1	230		0.4087
H1	H10	28854	N	C	T	tca	tta	S	L	0	29		0.8953
H1	H63	1440	orf1ab	G	A	ggc	gac	G	D	0	53		0.8605
H1	H63	2891	orf1ab	G	A	gca	aca	A	T	0	53		0.8605
H63	H105	28851	N	T	G	att	agt	I	S	0	182		0.5248
H32	H130	18656	orf1ab	T	C	atc	acc	I	T	0	130		0.5608
H31	H163	2455	orf1ab	T	C	ctt	ctc	L	L	1	33		0.9049
H46	H76	17410	orf1ab	C	T	cgt	tgt	R	C	0	127		0.5916
H32	H132	21575	S	T	C	ttt	ctt	F	L	0	132		0.6354
H98	H99	18060	orf1ab	T	C	ctt	ctc	L	L	1	167		0.557
H14	H16	4402	orf1ab	T	C	ctt	ctc	L	L	1	85		0.7991
H14	H16	5062	orf1ab	G	T	ttg	ttt	L	F	0	85		0.7991
H30	H39	19839	orf1ab	T	C	aat	aac	N	N	1	84		0.7191
H100	H136	17747	orf1ab	C	T	cct	ctt	P	L	0	107		0.6952
H112	H85	187	5-UTR	G	A	NA	NA	NA	NA	NA	87		0.7071
H45	H90	24389	S	A	C	agt	cgt	S	R	0	70		0.8405
H45	H90	24390	S	G	C	agt	act	S	T	0	70		0.8405
H165	H176	17531	orf1ab	C	T	aca	ata	T	I	0	65		0.8596
H165	H176	18060	orf1ab	T	C	ctt	ctc	L	L	1	65		0.8596
H165	H176	18756	orf1ab	T	G	cct	ccg	P	P	1	65		0.8596
H1	H25	186	5-UTR	C	T	NA	NA	NA	NA	NA	39		0.8886
H21	H154	2455	orf1ab	T	C	ctt	ctc	L	L	1	84		0.8065
H21	H154	11083	orf1ab	G	T	ttg	ttt	L	F	0	84		0.8065
H19	H32	29635	ORF10	C	T	tac	tat	Y	Y	1	37		0.8221
H43	H144	11083	orf1ab	T	G	ttt	ttg	F	L	0	36		0.875
H122	H89	27046	M	T	C	atg	acg	M	T	0	53		0.8044
H32	H51	11083	orf1ab	T	G	ttt	ttg	F	L	0	30		0.8558
H6	H24	11083	orf1ab	T	G	ttt	ttg	F	L	0	33		0.8559
H81	H80	2416	orf1ab	T	C	tat	tac	Y	Y	1	116		0.6638
H35	H160	16054	orf1ab	T	C	tat	cat	Y	H	0	136		0.6937
H35	H160	29751	3-UTR	C	G	NA	NA	NA	NA	NA	136		0.6937
H56	H177	884	orf1ab	T	C	tgt	cgt	C	R	0	197		0.4617
H117	H168	9445	orf1ab	T	C	ctt	ctc	L	L	1	164		0.4441
