H33	H139	18656	orf1ab	C	T	acc	atc	T	I	0
H180	H193	11704	orf1ab	C	T	tac	tat	Y	Y	1
H48	H72	6255	orf1ab	C	T	gca	gta	A	V	0
H170	H183	13006	orf1ab	T	C	gct	gcc	A	A	1
H36	H159	21575	S	C	T	ctt	ttt	L	F	0
H44	H84	26530	M	A	G	gat	ggt	D	G	0
I280	H1	28144	ORF8	C	T	tca	tta	S	L	0
H49	H75	22277	S	C	A	caa	aaa	Q	K	0
H158	H29	2480	orf1ab	A	G	att	gtt	I	V	0
H24	H23	28854	N	C	T	tca	tta	S	L	0
H47	H96	25563	ORF3a	T	G	cat	cag	H	Q	0
H49	H130	13402	orf1ab	T	G	tat	tag	Y	*	0
H97	H76	6255	orf1ab	C	T	gca	gta	A	V	0
H90	H92	24390	S	G	C	agt	act	S	T	0
H14	I32	24034	S	C	T	aac	aat	N	N	1
H63	H188	28854	N	C	T	tca	tta	S	L	0
H17	H97	16381	orf1ab	G	A	gtt	att	V	I	0
H49	H190	25958	ORF3a	A	G	tat	tgt	Y	C	0
I243	H15	241	5-UTR	C	T	NA	NA	NA	NA	NA
I243	H15	23403	S	A	G	gat	ggt	D	G	0
H32	H78	3145	orf1ab	G	T	ttg	ttt	L	F	0
H7	H27	22661	S	G	T	gtc	ttc	V	F	0
I100	H110	28851	N	G	T	agt	att	S	I	0
I6	H89	3171	orf1ab	T	C	ctt	cct	L	P	0
H31	H197	25791	ORF3a	C	T	tgc	tgt	C	C	1
H181	H178	17531	orf1ab	T	C	ata	aca	I	T	0
H181	H178	18756	orf1ab	G	T	ccg	cct	P	P	1
H155	H163	16887	orf1ab	C	T	tac	tat	Y	Y	1
I6	H185	1321	orf1ab	A	C	gaa	gac	E	D	0
I6	H185	8782	orf1ab	T	C	agt	agc	S	S	1
I6	H185	14805	orf1ab	C	T	tac	tat	Y	Y	1
I6	H185	17247	orf1ab	T	C	cgt	cgc	R	R	1
I6	H185	26144	ORF3a	G	T	ggt	gtt	G	V	0
I6	H185	28144	ORF8	C	T	tca	tta	S	L	0
H190	H177	24054	S	C	T	gct	gtt	A	V	0
H47	H95	24389	S	A	C	agt	cgt	S	R	0
H47	H95	24390	S	G	C	agt	act	S	T	0
H32	H90	13402	orf1ab	T	G	tat	tag	Y	*	0
H32	H63	20268	orf1ab	A	G	tta	ttg	L	L	1
H54	H67	29751	3-UTR	G	C	NA	NA	NA	NA	NA
H19	H33	29635	ORF10	C	T	tac	tat	Y	Y	1
H139	H144	9223	orf1ab	C	T	cac	cat	H	H	1
H22	I127	884	orf1ab	C	T	cgt	tgt	R	C	0
H36	H173	3034	orf1ab	T	C	tct	tcc	S	S	1
H36	H173	16054	orf1ab	C	T	cat	tat	H	Y	0
H36	H173	17859	orf1ab	T	C	tat	tac	Y	Y	1
H36	H173	29751	3-UTR	G	C	NA	NA	NA	NA	NA
H44	H149	18877	orf1ab	C	T	cta	tta	L	L	1
H98	H102	658	orf1ab	T	C	gct	gcc	A	A	1
H98	H102	28629	N	C	T	gct	gtt	A	V	0
H2	H3	2416	orf1ab	T	C	tat	tac	Y	Y	1
H2	H3	3037	orf1ab	T	C	ttt	ttc	F	F	1
H2	H3	3171	orf1ab	C	T	cct	ctt	P	L	0
H2	H3	10450	orf1ab	T	C	cct	ccc	P	P	1
H2	H3	11704	orf1ab	T	C	tat	tac	Y	Y	1
H2	H3	15927	orf1ab	G	T	ctg	ctt	L	L	1
H2	H3	17373	orf1ab	T	C	gct	gcc	A	A	1
H2	H3	18060	orf1ab	T	C	ctt	ctc	L	L	1
H2	H3	23929	S	T	C	tat	tac	Y	Y	1
H2	H3	26936	M	T	C	ctt	ctc	L	L	1
H36	H108	1515	orf1ab	A	G	cat	cgt	H	R	0
H32	H70	25350	S	C	T	cca	cta	P	L	0
H31	H39	313	orf1ab	C	T	ctc	ctt	L	L	1
H51	H152	2113	orf1ab	C	T	atc	att	I	I	1
H183	H187	23929	S	C	T	tac	tat	Y	Y	1
H32	H52	23575	S	C	T	tgc	tgt	C	C	1
H32	H64	514	orf1ab	T	C	cat	cac	H	H	1
H32	H204	8782	orf1ab	C	T	agc	agt	S	S	1
H36	H174	5142	orf1ab	C	T	act	att	T	I	0
H3	H8	11083	orf1ab	G	T	ttg	ttt	L	F	0
H6	H28	13929	orf1ab	T	C	tat	tac	Y	Y	1
H1	H9	15324	orf1ab	C	T	aac	aat	N	N	1
H1	H9	29303	N	C	T	cca	tca	P	S	0
H1	H121	26326	E	C	T	cta	tta	L	L	1
H32	H176	2455	orf1ab	C	T	ctc	ctt	L	L	1
H32	H176	10450	orf1ab	C	T	ccc	cct	P	P	1
H86	H182	15324	orf1ab	C	T	aac	aat	N	N	1
H86	H182	21575	S	C	T	ctt	ttt	L	F	0
H86	H182	25563	ORF3a	T	G	cat	cag	H	Q	0
H181	H191	18060	orf1ab	T	C	ctt	ctc	L	L	1
H36	H179	1321	orf1ab	A	C	gaa	gac	E	D	0
H131	H129	13402	orf1ab	T	G	tat	tag	Y	*	0
H19	H143	8782	orf1ab	C	T	agc	agt	S	S	1
H19	H20	9438	orf1ab	C	T	aca	ata	T	I	0
H46	H117	13402	orf1ab	T	G	tat	tag	Y	*	0
H141	H68	29751	3-UTR	G	C	NA	NA	NA	NA	NA
H44	H164	6310	orf1ab	C	T	agc	agt	S	S	1
H31	H202	16887	orf1ab	C	T	tac	tat	Y	Y	1
I203	H47	1059	orf1ab	C	T	acc	atc	T	I	0
H1	H11	17373	orf1ab	C	T	gcc	gct	A	A	1
I67	H44	17747	orf1ab	C	T	cct	ctt	P	L	0
I280	H12	29095	N	C	T	ttc	ttt	F	F	1
H22	H123	19518	orf1ab	G	T	ttg	ttt	L	F	0
H41	H158	2558	orf1ab	C	T	cca	tca	P	S	0
H165	H147	833	orf1ab	T	C	ttc	ctc	F	L	0
H31	H94	13402	orf1ab	T	G	tat	tag	Y	*	0
H44	H61	16467	orf1ab	A	G	cca	ccg	P	P	1
H44	H61	23185	S	C	T	ttc	ttt	F	F	1
H87	H200	18656	orf1ab	C	T	acc	atc	T	I	0
H92	H91	24389	S	A	C	agt	cgt	S	R	0
H22	H43	29374	N	G	A	gag	gaa	E	E	1
H111	H116	27046	M	T	C	atg	acg	M	T	0
H62	H192	884	orf1ab	C	T	cgt	tgt	R	C	0
H44	H148	11704	orf1ab	C	T	tac	tat	Y	Y	1
H47	H175	186	5-UTR	C	T	NA	NA	NA	NA	NA
H14	H21	11083	orf1ab	G	T	ttg	ttt	L	F	0
I203	H85	2416	orf1ab	C	T	tac	tat	Y	Y	1
H96	H168	3037	orf1ab	T	C	ttt	ttc	F	F	1
H96	H168	23403	S	G	A	ggt	gat	G	D	0
H49	H111	11083	orf1ab	G	T	ttg	ttt	L	F	0
H40	H74	3145	orf1ab	G	T	ttg	ttt	L	F	0
H33	H142	21575	S	C	T	ctt	ttt	L	F	0
H32	I203	25563	ORF3a	G	T	cag	cat	Q	H	0
H1	H26	186	5-UTR	C	T	NA	NA	NA	NA	NA
H36	H199	17639	orf1ab	C	T	tca	tta	S	L	0
H1	H19	11083	orf1ab	G	T	ttg	ttt	L	F	0
H32	H98	24862	S	A	G	aca	acg	T	T	1
H1	H6	26144	ORF3a	G	T	ggt	gtt	G	V	0
H14	H17	28878	N	G	A	agt	aat	S	N	0
H63	H134	17639	orf1ab	C	T	tca	tta	S	L	0
H1	H24	24034	S	C	T	aac	aat	N	N	1
H14	H5	18060	orf1ab	C	T	ctc	ctt	L	L	1
H81	H71	6255	orf1ab	C	T	gca	gta	A	V	0
H63	H172	10323	orf1ab	A	G	aag	agg	K	R	0
I127	H42	8653	orf1ab	G	T	atg	att	M	I	0
H93	H131	27046	M	C	T	acg	atg	T	M	0
H1	I243	3037	orf1ab	C	T	ttc	ttt	F	F	1
H14	I280	8782	orf1ab	T	C	agt	agc	S	S	1
H14	H16	4402	orf1ab	T	C	ctt	ctc	L	L	1
H14	H16	5062	orf1ab	G	T	ttg	ttt	L	F	0
H22	H167	2455	orf1ab	C	T	ctc	ctt	L	L	1
H22	H167	11083	orf1ab	T	G	ttt	ttg	F	L	0
H47	H195	17639	orf1ab	C	T	tca	tta	S	L	0
I127	H169	241	5-UTR	C	T	NA	NA	NA	NA	NA
I127	H169	28688	N	C	T	ctg	ttg	L	L	1
H1	H120	28851	N	G	T	agt	att	S	I	0
H39	H153	19518	orf1ab	G	T	ttg	ttt	L	F	0
H44	H82	832	orf1ab	C	T	aac	aat	N	N	1
H121	H104	11083	orf1ab	G	T	ttg	ttt	L	F	0
H31	H49	27046	M	C	T	acg	atg	T	M	0
H47	H100	6255	orf1ab	C	T	gca	gta	A	V	0
H44	H156	14805	orf1ab	C	T	tac	tat	Y	Y	1
H49	H65	28344	N	C	A	act	aat	T	N	0
H22	H118	10323	orf1ab	A	G	aag	agg	K	R	0
I123	H113	1059	orf1ab	C	T	acc	atc	T	I	0
I123	H113	1397	orf1ab	A	G	ata	gta	I	V	0
I123	H113	28688	N	C	T	ctg	ttg	L	L	1
H47	H165	27964	ORF8	C	T	tca	tta	S	L	0
H15	H32	14408	orf1ab	C	T	cct	ctt	P	L	0
H32	H87	15324	orf1ab	C	T	aac	aat	N	N	1
H44	H155	11083	orf1ab	G	T	ttg	ttt	L	F	0
H1	H10	28854	N	C	T	tca	tta	S	L	0
H22	H77	3145	orf1ab	G	T	ttg	ttt	L	F	0
H44	H128	15927	orf1ab	T	G	ctt	ctg	L	L	1
H44	H128	26936	M	C	T	ctc	ctt	L	L	1
H3	H14	29095	N	T	C	ttt	ttc	F	F	1
H63	H194	14408	orf1ab	T	C	ctt	cct	L	P	0
H1	H48	514	orf1ab	T	C	cat	cac	H	H	1
H1	I100	2891	orf1ab	G	A	gca	aca	A	T	0
H1	I100	1440	orf1ab	G	A	ggc	gac	G	D	0
H108	H145	9223	orf1ab	C	T	cac	cat	H	H	1
H164	H106	27327	ORF6	G	T	aag	aat	K	N	0
H5	I67	17858	orf1ab	A	G	tat	tgt	Y	C	0
H31	H38	3373	orf1ab	C	A	gac	gaa	D	E	0
H127	H161	21575	S	C	T	ctt	ttt	L	F	0
I243	H66	11083	orf1ab	G	T	ttg	ttt	L	F	0
H14	H119	9477	orf1ab	T	A	ttt	tat	F	Y	0
H7	H137	29700	3-UTR	A	G	NA	NA	NA	NA	NA
H14	H35	23403	S	A	G	gat	ggt	D	G	0
H49	H73	3145	orf1ab	G	T	ttg	ttt	L	F	0
H32	H132	28688	N	T	C	ttg	ctg	L	L	1
H72	H81	6255	orf1ab	T	C	gta	gca	V	A	0
H72	H81	17410	orf1ab	C	T	cgt	tgt	R	C	0
H47	H170	25688	ORF3a	C	T	gct	gtt	A	V	0
H47	H201	29700	3-UTR	A	G	NA	NA	NA	NA	NA
H14	H59	207	5-UTR	C	T	NA	NA	NA	NA	NA
H14	H59	946	orf1ab	T	C	ggt	ggc	G	G	1
H14	H59	11430	orf1ab	A	G	tat	tgt	Y	C	0
H21	H30	6255	orf1ab	C	T	gca	gta	A	V	0
H107	H162	11083	orf1ab	G	T	ttg	ttt	L	F	0
H22	H112	1059	orf1ab	C	T	acc	atc	T	I	0
H22	H112	23934	S	C	T	aca	ata	T	I	0
H22	H112	28648	N	T	C	gct	gcc	A	A	1
H1	H4	21707	S	C	T	cat	tat	H	Y	0
H67	H141	11083	orf1ab	G	T	ttg	ttt	L	F	0
H67	H141	29751	3-UTR	C	G	NA	NA	NA	NA	NA
H1	H55	29635	ORF10	C	T	tac	tat	Y	Y	1
H31	H157	29700	3-UTR	A	G	NA	NA	NA	NA	NA
H25	H41	14805	orf1ab	C	T	tac	tat	Y	Y	1
H44	H58	23010	S	T	C	gtt	gct	V	A	0
H47	H136	11083	orf1ab	G	T	ttg	ttt	L	F	0
H44	H124	24694	S	A	T	gga	ggt	G	G	1
H1	H18	27147	M	G	C	gac	cac	D	H	0
H151	H154	11083	orf1ab	T	G	ttt	ttg	F	L	0
I32	H138	29700	3-UTR	A	G	NA	NA	NA	NA	NA
H31	H40	19839	orf1ab	T	C	aat	aac	N	N	1
H6	H13	22661	S	G	T	gtc	ttc	V	F	0
H1	H184	20270	orf1ab	C	T	gct	gtt	A	V	0
I203	H51	18877	orf1ab	C	T	cta	tta	L	L	1
H44	H107	27384	ORF6	T	C	gat	gac	D	D	1
H50	H171	15324	orf1ab	C	T	aac	aat	N	N	1
H50	H171	16887	orf1ab	C	T	tac	tat	Y	Y	1
H134	H198	29700	3-UTR	A	G	NA	NA	NA	NA	NA
H19	H140	11410	orf1ab	G	A	ttg	tta	L	L	1
H14	H60	16887	orf1ab	C	T	tac	tat	Y	Y	1
H63	H186	3037	orf1ab	T	C	ttt	ttc	F	F	1
H47	H88	10582	orf1ab	C	T	gac	gat	D	D	1
I32	H7	26729	M	T	C	gct	gcc	A	A	1
I32	H7	28077	ORF8	G	C	gtg	ctg	V	L	0
H44	H34	5784	orf1ab	C	T	act	att	T	I	0
H44	H127	22988	S	G	A	ggt	agt	G	S	0
H104	H103	18060	orf1ab	C	T	ctc	ctt	L	L	1
H19	H126	6312	orf1ab	C	A	aca	aaa	T	K	0
H19	H126	13730	orf1ab	C	T	gct	gtt	A	V	0
H19	H126	23929	S	C	T	tac	tat	Y	Y	1
H19	H126	28311	N	C	T	ccc	ctc	P	L	0
H41	H203	27384	ORF6	T	C	gat	gac	D	D	1
H6	H25	11083	orf1ab	G	T	ttg	ttt	L	F	0
H44	H146	29736	3-UTR	G	T	NA	NA	NA	NA	NA
H47	H135	18928	orf1ab	C	T	cct	tct	P	S	0
H47	H83	29553	igs:N|ORF10	G	A	NA	NA	NA	NA	NA
H44	H150	29700	3-UTR	A	G	NA	NA	NA	NA	NA
H32	H133	24077	S	G	T	gat	tat	D	Y	0
H28	H69	11704	orf1ab	C	T	tac	tat	Y	Y	1
H36	H115	11083	orf1ab	T	G	ttt	ttg	F	L	0
H36	H101	14408	orf1ab	C	T	cct	ctt	P	L	0
H49	H189	29095	N	C	T	ttc	ttt	F	F	1
H31	H93	24389	S	A	C	agt	cgt	S	R	0
H31	H93	24390	S	G	C	agt	act	S	T	0
H32	H62	26530	M	A	G	gat	ggt	D	G	0
H1	H79	3145	orf1ab	G	T	ttg	ttt	L	F	0
H63	H180	29734	3-UTR	G	C	NA	NA	NA	NA	NA
H16	H37	8782	orf1ab	T	C	agt	agc	S	S	1
H16	H37	26144	ORF3a	G	T	ggt	gtt	G	V	0
H184	H114	29683	3-UTR	A	T	NA	NA	NA	NA	NA
H121	H56	11410	orf1ab	G	A	ttg	tta	L	L	1
H44	H160	28881	N	G	A	agg	aag	R	K	0
H119	H196	14805	orf1ab	C	T	tac	tat	Y	Y	1
H119	H196	28863	N	C	T	tca	tta	S	L	0
H145	H151	9438	orf1ab	C	T	aca	ata	T	I	0
H1	H122	16887	orf1ab	C	T	tac	tat	Y	Y	1
H196	H80	25979	ORF3a	G	T	gga	gta	G	V	0
H196	H80	28657	N	C	T	gac	gat	D	D	1
H47	H109	18656	orf1ab	C	T	acc	atc	T	I	0
H41	H36	17247	orf1ab	T	C	cgt	cgc	R	R	1
H32	H57	29144	N	C	T	cta	tta	L	L	1
H49	H99	6255	orf1ab	C	T	gca	gta	A	V	0
H32	H50	11083	orf1ab	G	T	ttg	ttt	L	F	0
H124	H181	9445	orf1ab	T	C	ctt	ctc	L	L	1
I67	H105	29736	3-UTR	G	T	NA	NA	NA	NA	NA
H32	H46	187	5-UTR	A	G	NA	NA	NA	NA	NA
H32	H31	28881	N	G	A	agg	aag	R	K	0
H32	H31	28882	N	G	A	agg	aga	R	R	1
H32	H31	28883	N	G	C	gga	cga	G	R	0
H1	H54	29736	3-UTR	G	T	NA	NA	NA	NA	NA
H19	H22	1397	orf1ab	G	A	gta	ata	V	I	0
H19	H22	28688	N	T	C	ttg	ctg	L	L	1
