H34	H89	15324	orf1ab	C	T	aac	aat	N	N	1
H89	H203	18656	orf1ab	C	T	acc	atc	T	I	0
H184	H181	17531	orf1ab	T	C	ata	aca	I	T	0
H184	H181	18756	orf1ab	G	T	ccg	cct	P	P	1
H19	H1	11083	orf1ab	T	G	ttt	ttg	F	L	0
H65	H175	10323	orf1ab	A	G	aag	agg	K	R	0
H19	H143	11410	orf1ab	G	A	ttg	tta	L	L	1
H14	H141	24034	S	C	T	aac	aat	N	N	1
H14	H141	29700	3-UTR	A	G	NA	NA	NA	NA	NA
H38	H177	5142	orf1ab	C	T	act	att	T	I	0
H51	H192	29095	N	C	T	ttc	ttt	F	F	1
H21	H32	6255	orf1ab	C	T	gca	gta	A	V	0
H47	H113	28851	N	G	T	agt	att	S	I	0
H46	H84	832	orf1ab	C	T	aac	aat	N	N	1
H168	H150	833	orf1ab	T	C	ttc	ctc	F	L	0
H22	H121	10323	orf1ab	A	G	aag	agg	K	R	0
H1	H10	28854	N	C	T	tca	tta	S	L	0
H171	H99	3037	orf1ab	C	T	ttc	ttt	F	F	1
H171	H99	23403	S	A	G	gat	ggt	D	G	0
H1	H124	26326	E	C	T	cta	tta	L	L	1
H100	H78	6255	orf1ab	C	T	gca	gta	A	V	0
H51	H114	11083	orf1ab	G	T	ttg	ttt	L	F	0
H22	H115	1059	orf1ab	C	T	acc	atc	T	I	0
H22	H115	23934	S	C	T	aca	ata	T	I	0
H22	H115	28648	N	T	C	gct	gcc	A	A	1
H34	H136	24077	S	G	T	gat	tat	D	Y	0
H46	H110	27384	ORF6	T	C	gat	gac	D	D	1
H33	H97	13402	orf1ab	T	G	tat	tag	Y	*	0
H124	H58	11410	orf1ab	G	A	ttg	tta	L	L	1
H46	H163	28881	N	G	A	agg	aag	R	K	0
H120	H48	13402	orf1ab	G	T	tag	tat	*	Y	0
H38	H162	21575	S	C	T	ctt	ttt	L	F	0
H22	H45	29374	N	G	A	gag	gaa	E	E	1
H46	H127	24694	S	A	T	gga	ggt	G	G	1
H34	H54	23575	S	C	T	tgc	tgt	C	C	1
H46	H152	18877	orf1ab	C	T	cta	tta	L	L	1
H1	H123	28851	N	G	T	agt	att	S	I	0
H49	H204	29700	3-UTR	A	G	NA	NA	NA	NA	NA
H6	H13	22661	S	G	T	gtc	ttc	V	F	0
H88	H53	18877	orf1ab	C	T	cta	tta	L	L	1
H46	H158	11083	orf1ab	G	T	ttg	ttt	L	F	0
H56	H69	29751	3-UTR	G	C	NA	NA	NA	NA	NA
H140	H7	29700	3-UTR	G	A	NA	NA	NA	NA	NA
H1	H18	27147	M	G	C	gac	cac	D	H	0
H34	H72	25350	S	C	T	cca	cta	P	L	0
H107	H106	18060	orf1ab	C	T	ctc	ctt	L	L	1
H49	H90	10582	orf1ab	C	T	gac	gat	D	D	1
H1	H125	16887	orf1ab	C	T	tac	tat	Y	Y	1
H49	H103	6255	orf1ab	C	T	gca	gta	A	V	0
H111	H148	9223	orf1ab	C	T	cac	cat	H	H	1
H22	H170	2455	orf1ab	C	T	ctc	ctt	L	L	1
H22	H170	11083	orf1ab	T	G	ttt	ttg	F	L	0
H43	H161	2558	orf1ab	C	T	cca	tca	P	S	0
H146	H19	8782	orf1ab	T	C	agt	agc	S	S	1
H26	H25	241	5-UTR	C	T	NA	NA	NA	NA	NA
H26	H25	658	orf1ab	T	C	gct	gcc	A	A	1
H26	H25	9223	orf1ab	C	T	cac	cat	H	H	1
H26	H25	16887	orf1ab	C	T	tac	tat	Y	Y	1
H26	H25	17373	orf1ab	T	C	gct	gcc	A	A	1
H26	H25	18877	orf1ab	C	T	cta	tta	L	L	1
H26	H25	29635	ORF10	C	T	tac	tat	Y	Y	1
H33	H51	27046	M	C	T	acg	atg	T	M	0
H27	H43	14805	orf1ab	C	T	tac	tat	Y	Y	1
H34	H15	14408	orf1ab	T	C	ctt	cct	L	P	0
H167	H109	27327	ORF6	G	T	aag	aat	K	N	0
H1	H81	3145	orf1ab	G	T	ttg	ttt	L	F	0
H3	H8	11083	orf1ab	G	T	ttg	ttt	L	F	0
H161	H31	2480	orf1ab	A	G	att	gtt	I	V	0
H19	H35	29635	ORF10	C	T	tac	tat	Y	Y	1
H128	H108	29736	3-UTR	G	T	NA	NA	NA	NA	NA
H65	H191	28854	N	C	T	tca	tta	S	L	0
H19	H116	1059	orf1ab	C	T	acc	atc	T	I	0
H2	H5	2416	orf1ab	T	C	tat	tac	Y	Y	1
H2	H5	3037	orf1ab	T	C	ttt	ttc	F	F	1
H2	H5	3171	orf1ab	C	T	cct	ctt	P	L	0
H2	H5	10450	orf1ab	T	C	cct	ccc	P	P	1
H2	H5	11704	orf1ab	T	C	tat	tac	Y	Y	1
H2	H5	15927	orf1ab	G	T	ctg	ctt	L	L	1
H2	H5	17373	orf1ab	T	C	gct	gcc	A	A	1
H2	H5	23929	S	T	C	tat	tac	Y	Y	1
H2	H5	26936	M	T	C	ctt	ctc	L	L	1
H2	H5	29095	N	T	C	ttt	ttc	F	F	1
H116	H172	884	orf1ab	C	T	cgt	tgt	R	C	0
H116	H172	1059	orf1ab	T	C	atc	acc	I	T	0
H116	H172	1397	orf1ab	G	A	gta	ata	V	I	0
H34	H93	13402	orf1ab	T	G	tat	tag	Y	*	0
H1	H47	1440	orf1ab	G	A	ggc	gac	G	D	0
H1	H47	2891	orf1ab	G	A	gca	aca	A	T	0
H19	H68	3037	orf1ab	C	T	ttc	ttt	F	F	1
H34	H52	11083	orf1ab	G	T	ttg	ttt	L	F	0
H14	H62	16887	orf1ab	C	T	tac	tat	Y	Y	1
H16	H39	8782	orf1ab	T	C	agt	agc	S	S	1
H16	H39	26144	ORF3a	G	T	ggt	gtt	G	V	0
H38	H182	1321	orf1ab	A	C	gaa	gac	E	D	0
H42	H76	3145	orf1ab	G	T	ttg	ttt	L	F	0
H14	H37	23403	S	A	G	gat	ggt	D	G	0
H46	H153	29700	3-UTR	A	G	NA	NA	NA	NA	NA
H142	H147	9223	orf1ab	C	T	cac	cat	H	H	1
H49	H173	25688	ORF3a	C	T	gct	gtt	A	V	0
H89	H185	21575	S	C	T	ctt	ttt	L	F	0
H14	H122	9477	orf1ab	T	A	ttt	tat	F	Y	0
H65	H189	3037	orf1ab	T	C	ttt	ttc	F	F	1
H10	H23	24034	S	C	T	aac	aat	N	N	1
H51	H67	28344	N	C	A	act	aat	T	N	0
H38	H202	17639	orf1ab	C	T	tca	tta	S	L	0
H34	H64	26530	M	A	G	gat	ggt	D	G	0
H128	H60	17747	orf1ab	C	T	cct	ctt	P	L	0
H34	H66	514	orf1ab	T	C	cat	cac	H	H	1
H34	H179	2455	orf1ab	C	T	ctc	ctt	L	L	1
H34	H179	10450	orf1ab	C	T	ccc	cct	P	P	1
H14	H21	11083	orf1ab	G	T	ttg	ttt	L	F	0
H51	H133	13402	orf1ab	T	G	tat	tag	Y	*	0
H19	H129	6312	orf1ab	C	A	aca	aaa	T	K	0
H19	H129	13730	orf1ab	C	T	gct	gtt	A	V	0
H19	H129	23929	S	C	T	tac	tat	Y	Y	1
H19	H129	28311	N	C	T	ccc	ctc	P	L	0
H99	H49	25563	ORF3a	G	T	cag	cat	Q	H	0
H5	H128	17858	orf1ab	A	G	tat	tgt	Y	C	0
H1	H4	21707	S	C	T	cat	tat	H	Y	0
H46	H159	14805	orf1ab	C	T	tac	tat	Y	Y	1
H34	H33	28881	N	G	A	agg	aag	R	K	0
H34	H33	28882	N	G	A	agg	aga	R	R	1
H34	H33	28883	N	G	C	gga	cga	G	R	0
H38	H118	11083	orf1ab	T	G	ttt	ttg	F	L	0
H25	H91	10450	orf1ab	T	C	cct	ccc	P	P	1
H25	H91	16467	orf1ab	G	A	ccg	cca	P	P	1
H25	H91	16887	orf1ab	T	C	tat	tac	Y	Y	1
H25	H91	18756	orf1ab	T	G	cct	ccg	P	P	1
H25	H91	19839	orf1ab	C	T	aac	aat	N	N	1
H25	H91	23929	S	C	T	tac	tat	Y	Y	1
H108	H149	17747	orf1ab	C	T	cct	ctt	P	L	0
H93	H95	24390	S	G	C	agt	act	S	T	0
H46	H86	26530	M	A	G	gat	ggt	D	G	0
H49	H168	27964	ORF8	C	T	tca	tta	S	L	0
H49	H178	186	5-UTR	C	T	NA	NA	NA	NA	NA
H43	H206	27384	ORF6	T	C	gat	gac	D	D	1
H186	H190	23929	S	C	T	tac	tat	Y	Y	1
H51	H75	3145	orf1ab	G	T	ttg	ttt	L	F	0
H51	H77	22277	S	C	A	caa	aaa	Q	K	0
H45	H55	2113	orf1ab	C	T	atc	att	I	I	1
H45	H55	18928	orf1ab	C	T	cct	tct	P	S	0
H22	H79	3145	orf1ab	G	T	ttg	ttt	L	F	0
H89	H174	11083	orf1ab	G	T	ttg	ttt	L	F	0
H89	H174	16887	orf1ab	C	T	tac	tat	Y	Y	1
H183	H196	11704	orf1ab	C	T	tac	tat	Y	Y	1
H14	H17	28878	N	G	A	agt	aat	S	N	0
H46	H131	15927	orf1ab	T	G	ctt	ctg	L	L	1
H46	H131	26936	M	C	T	ctc	ctt	L	L	1
H49	H85	29553	igs:N|ORF10	G	A	NA	NA	NA	NA	NA
H41	H156	19518	orf1ab	G	T	ttg	ttt	L	F	0
H51	H193	25958	ORF3a	A	G	tat	tgt	Y	C	0
H5	H14	18060	orf1ab	T	C	ctt	ctc	L	L	1
H35	H142	18656	orf1ab	C	T	acc	atc	T	I	0
H35	H145	21575	S	C	T	ctt	ttt	L	F	0
H64	H195	884	orf1ab	C	T	cgt	tgt	R	C	0
H38	H104	14408	orf1ab	C	T	cct	ctt	P	L	0
H141	H140	26729	M	T	C	gct	gcc	A	A	1
H141	H140	28077	ORF8	G	C	gtg	ctg	V	L	0
H154	H157	11083	orf1ab	T	G	ttt	ttg	F	L	0
H173	H186	13006	orf1ab	T	C	gct	gcc	A	A	1
H19	H144	29736	3-UTR	G	T	NA	NA	NA	NA	NA
H14	H92	3171	orf1ab	T	C	ctt	cct	L	P	0
H130	H164	21575	S	C	T	ctt	ttt	L	F	0
H38	H111	1515	orf1ab	A	G	cat	cgt	H	R	0
H65	H137	17639	orf1ab	C	T	tca	tta	S	L	0
H30	H71	11704	orf1ab	C	T	tac	tat	Y	Y	1
H27	H6	11083	orf1ab	T	G	ttt	ttg	F	L	0
H182	H188	11083	orf1ab	T	G	ttt	ttg	F	L	0
H93	H120	187	5-UTR	A	G	NA	NA	NA	NA	NA
H1	H28	186	5-UTR	C	T	NA	NA	NA	NA	NA
H65	H183	29734	3-UTR	G	C	NA	NA	NA	NA	NA
H1	H9	15324	orf1ab	C	T	aac	aat	N	N	1
H1	H9	29303	N	C	T	cca	tca	P	S	0
H49	H112	18656	orf1ab	C	T	acc	atc	T	I	0
H17	H100	16381	orf1ab	G	A	gtt	att	V	I	0
H7	H29	22661	S	G	T	gtc	ttc	V	F	0
H53	H155	2113	orf1ab	C	T	atc	att	I	I	1
H99	H34	1059	orf1ab	T	C	atc	acc	I	T	0
H22	H44	884	orf1ab	C	T	cgt	tgt	R	C	0
H22	H44	8653	orf1ab	G	T	atg	att	M	I	0
H88	H87	2416	orf1ab	C	T	tac	tat	Y	Y	1
H19	H20	9438	orf1ab	C	T	aca	ata	T	I	0
H184	H194	18060	orf1ab	T	C	ctt	ctc	L	L	1
H34	H101	24862	S	A	G	aca	acg	T	T	1
H60	H46	23010	S	C	T	gct	gtt	A	V	0
H21	H146	28144	ORF8	C	T	tca	tta	S	L	0
H137	H201	29700	3-UTR	A	G	NA	NA	NA	NA	NA
H19	H27	26144	ORF3a	G	T	ggt	gtt	G	V	0
H128	H130	17747	orf1ab	C	T	cct	ctt	P	L	0
H14	H61	207	5-UTR	C	T	NA	NA	NA	NA	NA
H14	H61	946	orf1ab	T	C	ggt	ggc	G	G	1
H14	H61	11430	orf1ab	A	G	tat	tgt	Y	C	0
H187	H117	29683	3-UTR	A	T	NA	NA	NA	NA	NA
H69	H70	11083	orf1ab	G	T	ttg	ttt	L	F	0
H49	H139	11083	orf1ab	G	T	ttg	ttt	L	F	0
H73	H83	6255	orf1ab	T	C	gta	gca	V	A	0
H199	H82	25979	ORF3a	G	T	gga	gta	G	V	0
H199	H82	28657	N	C	T	gac	gat	D	D	1
H96	H134	27046	M	C	T	acg	atg	T	M	0
H1	H187	20270	orf1ab	C	T	gct	gtt	A	V	0
H34	H65	20268	orf1ab	A	G	tta	ttg	L	L	1
H33	H40	3373	orf1ab	C	A	gac	gaa	D	E	0
H49	H198	17639	orf1ab	C	T	tca	tta	S	L	0
H101	H105	658	orf1ab	T	C	gct	gcc	A	A	1
H101	H105	28629	N	C	T	gct	gtt	A	V	0
H22	H126	19518	orf1ab	G	T	ttg	ttt	L	F	0
H1	H11	17373	orf1ab	C	T	gcc	gct	A	A	1
H43	H38	17247	orf1ab	T	C	cgt	cgc	R	R	1
H33	H160	29700	3-UTR	A	G	NA	NA	NA	NA	NA
H114	H119	27046	M	T	C	atg	acg	M	T	0
H34	H59	29144	N	C	T	cta	tta	L	L	1
H46	H167	6310	orf1ab	C	T	agc	agt	S	S	1
H19	H107	26326	E	C	T	cta	tta	L	L	1
H144	H56	11083	orf1ab	T	G	ttt	ttg	F	L	0
H49	H98	24389	S	A	C	agt	cgt	S	R	0
H49	H98	24390	S	G	C	agt	act	S	T	0
H127	H184	9445	orf1ab	T	C	ctt	ctc	L	L	1
H193	H180	24054	S	C	T	gct	gtt	A	V	0
H15	H197	20268	orf1ab	A	G	tta	ttg	L	L	1
H3	H12	8782	orf1ab	T	C	agt	agc	S	S	1
H49	H138	18928	orf1ab	C	T	cct	tct	P	S	0
H33	H200	25791	ORF3a	C	T	tgc	tgt	C	C	1
H1	H57	29635	ORF10	C	T	tac	tat	Y	Y	1
H134	H132	13402	orf1ab	T	G	tat	tag	Y	*	0
H122	H199	14805	orf1ab	C	T	tac	tat	Y	Y	1
H122	H199	28863	N	C	T	tca	tta	S	L	0
H51	H102	6255	orf1ab	C	T	gca	gta	A	V	0
H22	H169	27384	ORF6	T	C	gat	gac	D	D	1
H1	H24	24034	S	C	T	aac	aat	N	N	1
H34	H88	25563	ORF3a	G	T	cag	cat	Q	H	0
H33	H96	24389	S	A	C	agt	cgt	S	R	0
H33	H96	24390	S	G	C	agt	act	S	T	0
H6	H30	13929	orf1ab	T	C	tat	tac	Y	Y	1
H46	H36	5784	orf1ab	C	T	act	att	T	I	0
H14	H3	29095	N	C	T	ttc	ttt	F	F	1
H34	H80	3145	orf1ab	G	T	ttg	ttt	L	F	0
H33	H41	313	orf1ab	C	T	ctc	ctt	L	L	1
H148	H154	9438	orf1ab	C	T	aca	ata	T	I	0
H19	H22	1397	orf1ab	G	A	gta	ata	V	I	0
H19	H22	28688	N	T	C	ttg	ctg	L	L	1
H50	H74	6255	orf1ab	C	T	gca	gta	A	V	0
H1	H50	514	orf1ab	T	C	cat	cac	H	H	1
H33	H42	19839	orf1ab	T	C	aat	aac	N	N	1
H116	H171	11083	orf1ab	T	G	ttt	ttg	F	L	0
H116	H171	14408	orf1ab	C	T	cct	ctt	P	L	0
H34	H207	8782	orf1ab	C	T	agc	agt	S	S	1
H46	H63	16467	orf1ab	A	G	cca	ccg	P	P	1
H46	H63	23185	S	C	T	ttc	ttt	F	F	1
H158	H166	16887	orf1ab	C	T	tac	tat	Y	Y	1
H33	H205	16887	orf1ab	C	T	tac	tat	Y	Y	1
H14	H16	4402	orf1ab	T	C	ctt	ctc	L	L	1
H14	H16	5062	orf1ab	G	T	ttg	ttt	L	F	0
H158	H165	27384	ORF6	T	C	gat	gac	D	D	1
H34	H135	28688	N	T	C	ttg	ctg	L	L	1
H38	H176	3034	orf1ab	T	C	tct	tcc	S	S	1
H38	H176	16054	orf1ab	C	T	cat	tat	H	Y	0
H38	H176	17859	orf1ab	T	C	tat	tac	Y	Y	1
H38	H176	29751	3-UTR	G	C	NA	NA	NA	NA	NA
H46	H151	11704	orf1ab	C	T	tac	tat	Y	Y	1
H95	H94	24389	S	A	C	agt	cgt	S	R	0
H2	H26	6310	orf1ab	C	T	agc	agt	S	S	1
H2	H26	10582	orf1ab	C	T	gac	gat	D	D	1
H2	H26	16467	orf1ab	A	G	cca	ccg	P	P	1
H2	H26	18756	orf1ab	G	T	ccg	cct	P	P	1
H2	H26	23929	S	T	C	tat	tac	Y	Y	1
H2	H26	29144	N	C	T	cta	tta	L	L	1
H74	H73	17410	orf1ab	C	T	cgt	tgt	R	C	0
