H91	H120	187	5-UTR	A	G	NA	NA	NA	NA	NA
H13	H60	16887	orf1ab	C	T	tac	tat	Y	Y	1
H88	H207	18656	orf1ab	C	T	acc	atc	T	I	0
H32	H135	28688	N	T	C	ttg	ctg	L	L	1
H1	H25	186	5-UTR	C	T	NA	NA	NA	NA	NA
H23	H22	28854	N	C	T	tca	tta	S	L	0
H33	H145	21575	S	C	T	ctt	ttt	L	F	0
H63	H200	14408	orf1ab	T	C	ctt	cct	L	P	0
H36	H163	21575	S	C	T	ctt	ttt	L	F	0
H44	H151	11704	orf1ab	C	T	tac	tat	Y	Y	1
H1	H5	26144	ORF3a	G	T	ggt	gtt	G	V	0
H49	H76	22277	S	C	A	caa	aaa	Q	K	0
H49	H74	3145	orf1ab	G	T	ttg	ttt	L	F	0
H41	H162	2558	orf1ab	C	T	cca	tca	P	S	0
H44	H61	16467	orf1ab	A	G	cca	ccg	P	P	1
H44	H61	23185	S	C	T	ttc	ttt	F	F	1
I231	H47	NA	NA	NA	NA	NA	NA	NA	NA	1
H18	H106	26326	E	C	T	cta	tta	L	L	1
H31	H160	29700	3-UTR	A	G	NA	NA	NA	NA	NA
H114	H119	27046	M	T	C	atg	acg	M	T	0
H32	H63	20268	orf1ab	A	G	tta	ttg	L	L	1
H21	I145	NA	NA	NA	NA	NA	NA	NA	NA	1
H21	I145	NA	NA	NA	NA	NA	NA	NA	NA	1
H21	I145	NA	NA	NA	NA	NA	NA	NA	NA	1
H21	I145	NA	NA	NA	NA	NA	NA	NA	NA	1
H21	I145	NA	NA	NA	NA	NA	NA	NA	NA	1
H21	I145	NA	NA	NA	NA	NA	NA	NA	NA	1
H21	I145	NA	NA	NA	NA	NA	NA	NA	NA	1
H44	H108	150	5-UTR	T	C	NA	NA	NA	NA	NA
H44	H108	153	5-UTR	T	G	NA	NA	NA	NA	NA
H18	H19	9438	orf1ab	C	T	aca	ata	T	I	0
H49	I239	NA	NA	NA	NA	NA	NA	NA	NA	1
H63	H137	17639	orf1ab	C	T	tca	tta	S	L	0
H18	H143	11410	orf1ab	G	A	ttg	tta	L	L	1
I28	H141	NA	NA	NA	NA	NA	NA	NA	NA	1
H14	H32	14408	orf1ab	C	T	cct	ctt	P	L	0
H44	H153	29700	3-UTR	A	G	NA	NA	NA	NA	NA
H36	H183	1321	orf1ab	A	C	gaa	gac	E	D	0
H98	H77	6255	orf1ab	C	T	gca	gta	A	V	0
H13	H16	28878	N	G	A	agt	aat	S	N	0
H111	H148	9223	orf1ab	C	T	cac	cat	H	H	1
H1	H55	29635	ORF10	C	T	tac	tat	Y	Y	1
H47	H169	27964	ORF8	C	T	tca	tta	S	L	0
H24	H41	14805	orf1ab	C	T	tac	tat	Y	Y	1
H158	H166	27384	ORF6	T	C	gat	gac	D	D	1
I201	H186	NA	NA	NA	NA	NA	NA	NA	NA	1
I201	H186	NA	NA	NA	NA	NA	NA	NA	NA	1
H148	H154	9438	orf1ab	C	T	aca	ata	T	I	0
H49	H65	28344	N	C	A	act	aat	T	N	0
I200	H189	NA	NA	NA	NA	NA	NA	NA	NA	1
I200	H189	NA	NA	NA	NA	NA	NA	NA	NA	1
I200	H189	NA	NA	NA	NA	NA	NA	NA	NA	1
I200	H189	NA	NA	NA	NA	NA	NA	NA	NA	1
H21	H70	9479	orf1ab	G	T	ggt	tgt	G	C	0
H1	H73	514	orf1ab	T	C	cat	cac	H	H	1
H1	H73	6255	orf1ab	C	T	gca	gta	A	V	0
H18	I272	NA	NA	NA	NA	NA	NA	NA	NA	1
H68	H67	11083	orf1ab	T	G	ttt	ttg	F	L	0
I57	H149	NA	NA	NA	NA	NA	NA	NA	NA	1
H32	H71	25350	S	C	T	cca	cta	P	L	0
H62	H197	884	orf1ab	C	T	cgt	tgt	R	C	0
H47	H208	29700	3-UTR	A	G	NA	NA	NA	NA	NA
H1	H125	16887	orf1ab	C	T	tac	tat	Y	Y	1
H49	H133	13402	orf1ab	T	G	tat	tag	Y	*	0
H1	H54	29736	3-UTR	G	T	NA	NA	NA	NA	NA
H44	H168	6310	orf1ab	C	T	agc	agt	S	S	1
H32	H99	24862	S	A	G	aca	acg	T	T	1
H49	H195	25958	ORF3a	A	G	tat	tgt	Y	C	0
H44	H159	14805	orf1ab	C	T	tac	tat	Y	Y	1
H21	H43	29374	N	G	A	gag	gaa	E	E	1
H106	H105	18060	orf1ab	C	T	ctc	ctt	L	L	1
H36	H178	5142	orf1ab	C	T	act	att	T	I	0
H18	H129	6312	orf1ab	C	A	aca	aaa	T	K	0
H18	H129	13730	orf1ab	C	T	gct	gtt	A	V	0
H18	H129	23929	S	C	T	tac	tat	Y	Y	1
H18	H129	28311	N	C	T	ccc	ctc	P	L	0
H32	H100	11109	orf1ab	C	T	gct	gtt	A	V	0
H47	H89	10582	orf1ab	C	T	gac	gat	D	D	1
H93	H92	24389	S	A	C	agt	cgt	S	R	0
H184	H199	11704	orf1ab	C	T	tac	tat	Y	Y	1
H31	H49	27046	M	C	T	acg	atg	T	M	0
H122	H202	14805	orf1ab	C	T	tac	tat	Y	Y	1
H122	H202	28863	N	C	T	tca	tta	S	L	0
H187	H192	23929	S	C	T	tac	tat	Y	Y	1
H32	H97	1059	orf1ab	C	T	acc	atc	T	I	0
H13	H59	207	5-UTR	C	T	NA	NA	NA	NA	NA
H13	H59	946	orf1ab	T	C	ggt	ggc	G	G	1
H13	H59	11430	orf1ab	A	G	tat	tgt	Y	C	0
H32	H88	15324	orf1ab	C	T	aac	aat	N	N	1
H32	H180	2455	orf1ab	C	T	ctc	ctt	L	L	1
H32	H180	10450	orf1ab	C	T	ccc	cct	P	P	1
H47	H205	150	5-UTR	T	C	NA	NA	NA	NA	NA
H47	H205	153	5-UTR	T	G	NA	NA	NA	NA	NA
I201	I200	NA	NA	NA	NA	NA	NA	NA	NA	1
I201	I200	NA	NA	NA	NA	NA	NA	NA	NA	1
I201	I200	NA	NA	NA	NA	NA	NA	NA	NA	1
I201	I200	NA	NA	NA	NA	NA	NA	NA	NA	1
I201	I200	NA	NA	NA	NA	NA	NA	NA	NA	1
H44	H152	18877	orf1ab	C	T	cta	tta	L	L	1
H41	H210	27384	ORF6	T	C	gat	gac	D	D	1
H44	H58	23010	S	T	C	gtt	gct	V	A	0
H1	H48	514	orf1ab	T	C	cat	cac	H	H	1
H82	H72	6255	orf1ab	C	T	gca	gta	A	V	0
H21	H78	3145	orf1ab	G	T	ttg	ttt	L	F	0
H20	H13	11083	orf1ab	T	G	ttt	ttg	F	L	0
I85	H45	NA	NA	NA	NA	NA	NA	NA	NA	1
H169	H150	833	orf1ab	T	C	ttc	ctc	F	L	0
H185	H182	17531	orf1ab	T	C	ata	aca	I	T	0
H185	H182	18756	orf1ab	G	T	ccg	cct	P	P	1
H32	H62	26530	M	A	G	gat	ggt	D	G	0
H13	H122	9477	orf1ab	T	A	ttt	tat	F	Y	0
H40	H75	3145	orf1ab	G	T	ttg	ttt	L	F	0
H144	H18	29736	3-UTR	T	G	NA	NA	NA	NA	NA
H32	H52	23575	S	C	T	tgc	tgt	C	C	1
H32	H91	13402	orf1ab	T	G	tat	tag	Y	*	0
H32	H211	8782	orf1ab	C	T	agc	agt	S	S	1
H44	I44	NA	NA	NA	NA	NA	NA	NA	NA	1
H142	H147	9223	orf1ab	C	T	cac	cat	H	H	1
H36	H111	1515	orf1ab	A	G	cat	cgt	H	R	0
I231	H51	NA	NA	NA	NA	NA	NA	NA	NA	1
H1	I85	NA	NA	NA	NA	NA	NA	NA	NA	1
H1	I85	NA	NA	NA	NA	NA	NA	NA	NA	1
H49	H101	6255	orf1ab	C	T	gca	gta	A	V	0
H130	H165	21575	S	C	T	ctt	ttt	L	F	0
I44	H185	NA	NA	NA	NA	NA	NA	NA	NA	1
H36	H177	3034	orf1ab	T	C	tct	tcc	S	S	1
H36	H177	16054	orf1ab	C	T	cat	tat	H	Y	0
H36	H177	17859	orf1ab	T	C	tat	tac	Y	Y	1
H36	H177	29751	3-UTR	G	C	NA	NA	NA	NA	NA
H168	H109	27327	ORF6	G	T	aag	aat	K	N	0
H4	I65	NA	NA	NA	NA	NA	NA	NA	NA	1
H32	H64	514	orf1ab	T	C	cat	cac	H	H	1
H1	H188	20270	orf1ab	C	T	gct	gtt	A	V	0
H13	I28	NA	NA	NA	NA	NA	NA	NA	NA	1
H185	H196	18060	orf1ab	T	C	ctt	ctc	L	L	1
H44	H131	15927	orf1ab	T	G	ctt	ctg	L	L	1
H44	H131	26936	M	C	T	ctc	ctt	L	L	1
H1	H8	15324	orf1ab	C	T	aac	aat	N	N	1
H1	H8	29303	N	C	T	cca	tca	P	S	0
H31	H39	313	orf1ab	C	T	ctc	ctt	L	L	1
H47	H179	186	5-UTR	C	T	NA	NA	NA	NA	NA
H44	H130	22988	S	G	A	ggt	agt	G	S	0
H32	H57	29144	N	C	T	cta	tta	L	L	1
H44	I57	NA	NA	NA	NA	NA	NA	NA	NA	1
H27	H69	11704	orf1ab	C	T	tac	tat	Y	Y	1
H63	H184	29734	3-UTR	G	C	NA	NA	NA	NA	NA
I239	H194	NA	NA	NA	NA	NA	NA	NA	NA	1
I149	H173	NA	NA	NA	NA	NA	NA	NA	NA	1
I149	H173	NA	NA	NA	NA	NA	NA	NA	NA	1
H21	H115	1059	orf1ab	C	T	acc	atc	T	I	0
H21	H115	23934	S	C	T	aca	ata	T	I	0
H21	H115	28648	N	T	C	gct	gcc	A	A	1
H21	H126	19518	orf1ab	G	T	ttg	ttt	L	F	0
H54	H144	11083	orf1ab	G	T	ttg	ttt	L	F	0
I145	H116	NA	NA	NA	NA	NA	NA	NA	NA	1
I145	H116	NA	NA	NA	NA	NA	NA	NA	NA	1
I145	H116	NA	NA	NA	NA	NA	NA	NA	NA	1
I145	H116	NA	NA	NA	NA	NA	NA	NA	NA	1
H99	H104	658	orf1ab	T	C	gct	gcc	A	A	1
H99	H104	28629	N	C	T	gct	gtt	A	V	0
H47	H138	18928	orf1ab	C	T	cct	tct	P	S	0
H1	H124	26326	E	C	T	cta	tta	L	L	1
I145	I144	NA	NA	NA	NA	NA	NA	NA	NA	1
I145	I144	NA	NA	NA	NA	NA	NA	NA	NA	1
I145	I144	NA	NA	NA	NA	NA	NA	NA	NA	1
I145	I144	NA	NA	NA	NA	NA	NA	NA	NA	1
I145	I144	NA	NA	NA	NA	NA	NA	NA	NA	1
H13	H4	18060	orf1ab	C	T	ctc	ctt	L	L	1
I28	H6	NA	NA	NA	NA	NA	NA	NA	NA	1
I28	H6	NA	NA	NA	NA	NA	NA	NA	NA	1
H134	H94	27046	M	T	C	atg	acg	M	T	0
H2	H7	11083	orf1ab	G	T	ttg	ttt	L	F	0
H88	H175	11083	orf1ab	G	T	ttg	ttt	L	F	0
H88	H175	16887	orf1ab	C	T	tac	tat	Y	Y	1
I272	H66	NA	NA	NA	NA	NA	NA	NA	NA	1
H1	H23	24034	S	C	T	aac	aat	N	N	1
H137	H204	29700	3-UTR	A	G	NA	NA	NA	NA	NA
H33	H142	18656	orf1ab	C	T	acc	atc	T	I	0
H91	H93	24390	S	G	C	agt	act	S	T	0
H97	H172	3037	orf1ab	T	C	ttt	ttc	F	F	1
H97	H172	23403	S	G	A	ggt	gat	G	D	0
H32	H31	28881	N	G	A	agg	aag	R	K	0
H32	H31	28882	N	G	A	agg	aga	R	R	1
H32	H31	28883	N	G	C	gga	cga	G	R	0
I65	H44	NA	NA	NA	NA	NA	NA	NA	NA	1
I65	H128	NA	NA	NA	NA	NA	NA	NA	NA	1
I65	H128	NA	NA	NA	NA	NA	NA	NA	NA	1
I65	H128	NA	NA	NA	NA	NA	NA	NA	NA	1
I65	H128	NA	NA	NA	NA	NA	NA	NA	NA	1
I65	H128	NA	NA	NA	NA	NA	NA	NA	NA	1
I65	H128	NA	NA	NA	NA	NA	NA	NA	NA	1
I65	H128	NA	NA	NA	NA	NA	NA	NA	NA	1
H63	H191	3037	orf1ab	T	C	ttt	ttc	F	F	1
H1	H80	3145	orf1ab	G	T	ttg	ttt	L	F	0
H49	H161	20031	orf1ab	C	A	gcc	gca	A	A	1
H63	H193	28854	N	C	T	tca	tta	S	L	0
H2	H11	8782	orf1ab	T	C	agt	agc	S	S	1
H47	H112	18656	orf1ab	C	T	acc	atc	T	I	0
H18	H146	8782	orf1ab	C	T	agc	agt	S	S	1
I149	H42	NA	NA	NA	NA	NA	NA	NA	NA	1
H21	I149	NA	NA	NA	NA	NA	NA	NA	NA	1
H133	H95	27046	M	T	C	atg	acg	M	T	0
H87	I201	NA	NA	NA	NA	NA	NA	NA	NA	1
H87	I201	NA	NA	NA	NA	NA	NA	NA	NA	1
H87	I201	NA	NA	NA	NA	NA	NA	NA	NA	1
H154	H157	11083	orf1ab	T	G	ttt	ttg	F	L	0
H21	H121	10323	orf1ab	A	G	aag	agg	K	R	0
H44	H34	5784	orf1ab	C	T	act	att	T	I	0
H86	H198	8371	orf1ab	G	T	cag	cat	Q	H	0
H158	H167	16887	orf1ab	C	T	tac	tat	Y	Y	1
I231	H87	NA	NA	NA	NA	NA	NA	NA	NA	1
I231	H87	NA	NA	NA	NA	NA	NA	NA	NA	1
I231	H87	NA	NA	NA	NA	NA	NA	NA	NA	1
I231	H87	NA	NA	NA	NA	NA	NA	NA	NA	1
H36	H206	17639	orf1ab	C	T	tca	tta	S	L	0
H55	H33	11083	orf1ab	G	T	ttg	ttt	L	F	0
H44	H83	832	orf1ab	C	T	aac	aat	N	N	1
H144	H68	254	5-UTR	C	T	NA	NA	NA	NA	NA
H144	H68	29751	3-UTR	G	C	NA	NA	NA	NA	NA
H5	H12	22661	S	G	T	gtc	ttc	V	F	0
H31	H38	3373	orf1ab	C	A	gac	gaa	D	E	0
I144	H170	NA	NA	NA	NA	NA	NA	NA	NA	1
H13	H1	8782	orf1ab	T	C	agt	agc	S	S	1
H13	H1	28144	ORF8	C	T	tca	tta	S	L	0
H162	H28	2480	orf1ab	A	G	att	gtt	I	V	0
H63	H176	10323	orf1ab	A	G	aag	agg	K	R	0
H47	H96	24389	S	A	C	agt	cgt	S	R	0
H47	H96	24390	S	G	C	agt	act	S	T	0
H1	H123	28851	N	G	T	agt	att	S	I	0
H174	H187	13006	orf1ab	T	C	gct	gcc	A	A	1
I57	H107	NA	NA	NA	NA	NA	NA	NA	NA	1
I239	H190	NA	NA	NA	NA	NA	NA	NA	NA	1
I239	H190	NA	NA	NA	NA	NA	NA	NA	NA	1
I239	H190	NA	NA	NA	NA	NA	NA	NA	NA	1
I239	H190	NA	NA	NA	NA	NA	NA	NA	NA	1
I239	H190	NA	NA	NA	NA	NA	NA	NA	NA	1
I239	H190	NA	NA	NA	NA	NA	NA	NA	NA	1
H18	H21	1397	orf1ab	G	A	gta	ata	V	I	0
H18	H21	28688	N	T	C	ttg	ctg	L	L	1
H32	H136	24077	S	G	T	gat	tat	D	Y	0
H44	H85	26530	M	A	G	gat	ggt	D	G	0
H21	H171	2455	orf1ab	C	T	ctc	ctt	L	L	1
H21	H171	11083	orf1ab	T	G	ttt	ttg	F	L	0
H41	H36	17247	orf1ab	T	C	cgt	cgc	R	R	1
H195	H181	24054	S	C	T	gct	gtt	A	V	0
H44	H164	28881	N	G	A	agg	aag	R	K	0
H13	H35	23403	S	A	G	gat	ggt	D	G	0
I85	H113	NA	NA	NA	NA	NA	NA	NA	NA	1
H1	H29	9924	orf1ab	C	T	gca	gta	A	V	0
H39	H156	19518	orf1ab	G	T	ttg	ttt	L	F	0
H48	H82	17410	orf1ab	C	T	cgt	tgt	R	C	0
H31	H40	19839	orf1ab	T	C	aat	aac	N	N	1
H6	H140	29700	3-UTR	A	G	NA	NA	NA	NA	NA
H49	H134	24389	S	A	C	agt	cgt	S	R	0
H49	H134	24390	S	G	C	agt	act	S	T	0
I44	H127	NA	NA	NA	NA	NA	NA	NA	NA	1
I200	H90	NA	NA	NA	NA	NA	NA	NA	NA	1
I200	H90	NA	NA	NA	NA	NA	NA	NA	NA	1
I200	H90	NA	NA	NA	NA	NA	NA	NA	NA	1
H134	H132	13402	orf1ab	T	G	tat	tag	Y	*	0
H47	H84	29553	igs:N|ORF10	G	A	NA	NA	NA	NA	NA
H32	H50	11083	orf1ab	G	T	ttg	ttt	L	F	0
H49	H114	11083	orf1ab	G	T	ttg	ttt	L	F	0
H5	H27	13929	orf1ab	T	C	tat	tac	Y	Y	1
H36	H103	14408	orf1ab	C	T	cct	ctt	P	L	0
H32	H46	187	5-UTR	A	G	NA	NA	NA	NA	NA
I272	H14	NA	NA	NA	NA	NA	NA	NA	NA	1
I272	H14	NA	NA	NA	NA	NA	NA	NA	NA	1
I272	H14	NA	NA	NA	NA	NA	NA	NA	NA	1
H51	H155	2113	orf1ab	C	T	atc	att	I	I	1
H18	H24	26144	ORF3a	G	T	ggt	gtt	G	V	0
H1	H9	28854	N	C	T	tca	tta	S	L	0
H202	H81	25979	ORF3a	G	T	gga	gta	G	V	0
H202	H81	28657	N	C	T	gac	gat	D	D	1
H32	I231	NA	NA	NA	NA	NA	NA	NA	NA	1
H6	H26	22661	S	G	T	gtc	ttc	V	F	0
H1	H17	27147	M	G	C	gac	cac	D	H	0
H31	H209	16887	orf1ab	C	T	tac	tat	Y	Y	1
H20	H30	6255	orf1ab	C	T	gca	gta	A	V	0
H16	H98	16381	orf1ab	G	A	gtt	att	V	I	0
H47	H102	6255	orf1ab	C	T	gca	gta	A	V	0
H31	H203	25791	ORF3a	C	T	tgc	tgt	C	C	1
H47	H174	25688	ORF3a	C	T	gct	gtt	A	V	0
H32	H79	3145	orf1ab	G	T	ttg	ttt	L	F	0
H1	H10	17373	orf1ab	C	T	gcc	gct	A	A	1
I144	H53	NA	NA	NA	NA	NA	NA	NA	NA	1
I144	H53	NA	NA	NA	NA	NA	NA	NA	NA	1
I144	H53	NA	NA	NA	NA	NA	NA	NA	NA	1
H36	H118	11083	orf1ab	T	G	ttt	ttg	F	L	0
H15	H37	8782	orf1ab	T	C	agt	agc	S	S	1
H15	H37	26144	ORF3a	G	T	ggt	gtt	G	V	0
H47	H201	17639	orf1ab	C	T	tca	tta	S	L	0
H166	H110	11083	orf1ab	T	G	ttt	ttg	F	L	0
H1	H3	21707	S	C	T	cat	tat	H	Y	0
H13	H15	4402	orf1ab	T	C	ctt	ctc	L	L	1
H13	H15	5062	orf1ab	G	T	ttg	ttt	L	F	0
H188	H117	29683	3-UTR	A	T	NA	NA	NA	NA	NA
H124	H56	11410	orf1ab	G	A	ttg	tta	L	L	1
I231	H86	NA	NA	NA	NA	NA	NA	NA	NA	1
H7	H20	29095	N	T	C	ttt	ttc	F	F	1
H44	H158	11083	orf1ab	G	T	ttg	ttt	L	F	0
H47	H139	11083	orf1ab	G	T	ttg	ttt	L	F	0
